p_pdb_id,q_pdb_id,Residue length,monge_rate_1,monge_rate_2,monotonicity_rate_1,monotonicity_rate_2
1cbu,1c9k,180,3.10928,,0.807868,0.855555,0.960894,0.960894
1e0s,2j5x,164,16.5334,,0.76046,0.858928,0.944785,0.944785
1brd,2brd,170,19.5943,,0.824997,0.884497,0.934911,0.934911
4icb,1clb,75,4.05857,,0.785231,0.86489,0.945946,0.945946
5dfr,4dfr,154,11.5166,,0.827435,0.889705,0.947712,0.947712
1pfh,1hdn,84,3.55685,,0.874019,0.890297,0.855422,0.855422
1a8v,2a8v,115,6.85295,,0.838206,0.887658,0.868421,0.868421
1rcl,1rck,105,1.7706,,0.820672,0.894975,0.951923,0.951923
1k9k,1k9p,89,4.51998,,0.851207,0.904748,0.897727,0.897727
1bjy,1bjz,194,8.12211,,0.823995,0.853607,0.927461,0.927461
3tms,2tsc,264,0.802655,,-0.644152,-0.291222,0.977186,0.977186
2ran,1axn,316,10.9313,,-0.545034,0.158855,0.955556,0.955556
1f3y,1jkn,165,3.57605,,0.758219,0.848751,0.957317,0.957317
1b0o,1beb,156,8.53983,,0.782662,0.863419,0.922581,0.922581
1a03,1cnp,90,4.46352,,0.780295,0.879574,0.932584,0.932584
5cro,6cro,60,4.4865,,0.808596,0.878644,0.915254,0.915254
1a67,1cew,108,4.63845,,0.811082,0.892771,0.925234,0.925234
3enl,7enl,436,0.907033,,-0.929443,-0.319919,0.997701,0.997701
1ecb,1ecc,475,7.08827,,-0.904687,-3.00818,0.972574,0.972574
3hvp,4hvp,97,1.24525,,0.7816,0.890085,0.84375,0.84375
3icd,1ai2,414,0.46272,,-3.03833,0.6253,0.951574,0.951574
6ldh,1ldm,329,1.78855,,-0.810576,-1.42369,0.993902,0.993902
1crl,1thg,534,15.4064,,-5.40372,1.77722,0.930582,0.930582
1bmd,4mdh,327,6.55809,,-0.779188,-1.10966,0.892638,0.892638
1dqz,1dqy,280,7.69019,,0.220997,0.430858,0.928315,0.928315
1oro,1sto,208,7.44301,,0.858685,0.892885,0.927536,0.927536
1rrp,1byu,202,14.6821,,0.80032,0.845585,0.955224,0.955224
6q21,4q21,168,1.67217,,0.81909,0.886087,0.976048,0.976048
1ser,1ses,421,2.79276,,-0.802582,0.381103,0.988095,0.988095
2ktq,3ktq,528,11.0426,,2.01339,-0.240752,0.908918,0.908918
1tre,6tim,249,3.2262,,2.81255,2.49337,0.915323,0.915323
1was,1jmw,146,1.57057,,0.766757,0.827017,0.97931,0.97931
1chn,3chy,126,5.88179,,0.794109,0.87443,0.92,0.92
1dcm,1d5w,121,4.95274,,0.770934,0.858547,0.933333,0.933333
1lgr,2gls,445,15.2854,,0.219759,1.39981,0.943694,0.943694
1prv,1pru,56,1.28776,,0.76584,0.837853,0.909091,0.909091
2phy,3pyp,125,0.493533,,0.790421,0.840683,0.983871,0.983871
1a32,1ab3,85,9.87124,,0.7686,0.858684,0.952381,0.952381
1caq,1cqr,168,0.956783,,0.821624,0.880128,0.904192,0.904192
1thv,1thi,207,3.09895,,0.818022,0.847621,0.936893,0.936893
1lb5,1lb4,155,7.13816,,0.819907,0.858505,0.987013,0.987013
1fox,2fow,76,6.67858,,0.743158,0.837242,0.92,0.92
1lcc,1lqc,51,3.46453,,0.759239,0.846291,0.98,0.98
1j74,1j7d,139,4.34756,,0.755916,0.799038,0.985507,0.985507
2c4q,2iz9,129,0.155437,,0.787085,0.839536,0.953125,0.953125
1i69,1i6a,206,8.44537,,0.861648,0.892591,0.921951,0.921951
1f8a,1pin,153,11.1755,,0.761479,0.837446,0.980263,0.980263
9aat,1ama,401,1.65782,,-16.369,-4.63964,0.995,0.995
8adh,6adh,374,1.36335,,0.89333,0.0114676,0.97319,0.97319
1jky,1j7n,725,17.2955,,1.18599,-1.02032,0.933702,0.933702
1bu7,1jpz,455,4.29176,,14.3616,-1.30061,0.933921,0.933921
3cox,1coy,500,3.814,,-0.313549,-0.82074,0.863727,0.863727
1njg,1njf,239,3.88633,,1.68521,1.57799,0.907563,0.907563
1cts,4cts,437,2.36953,,-0.751616,0.509804,0.954128,0.954128
1a2v,1avk,620,24.1187,,0.128829,-0.341176,0.907916,0.907916
1efw,1g51,580,1.80419,,-0.103107,-0.907103,0.963731,0.963731
2eia,1eia,206,5.60821,,0.848317,0.890557,0.912195,0.912195
5er2,4ape,320,0.666366,,0.0781079,0.408805,0.952978,0.952978
2eza,3eza,249,1.85893,,2.70549,2.1828,0.96371,0.96371
1gln,1g59,468,1.52248,,1.69061,-1.1365,0.950749,0.950749
2gd1,1gd1,332,0.699381,,-1.41466,-2.70064,0.993958,0.993958
1be1,1b1a,137,3.68498,,0.78443,0.838408,0.977941,0.977941
1n8z,1n8y,581,6.39155,,0.189243,0.587029,0.92931,0.92931
1i6i,1i5s,330,8.177,,-1.3253,-1.80783,0.899696,0.899696
1lci,1ba3,523,11.7743,,0.611493,-0.957876,0.90613,0.90613
1h9k,1h9m,141,8.87621,,0.787575,0.863253,0.957143,0.957143
1jys,1nc3,226,8.83808,,-1.21786,1.22649,0.928889,0.928889
1dv7,1dvj,212,12.6517,,0.777428,0.849894,0.971564,0.971564
1jqj,2pol,366,2.0466,,2.2767,-1.71185,0.969863,0.969863
1pvu,1pvi,154,5.64561,,0.77523,0.894873,0.928105,0.928105
1uj1,1uk2,301,6.18035,,5.56257,4.35745,0.926667,0.926667
1ng1,1ffh,287,5.15291,,-0.562217,-0.691737,0.902098,0.902098
1wrp,3wrp,101,6.66192,,0.780782,0.861753,0.92,0.92
1evk,1evl,401,1.63503,,-6.25704,18.038,0.9775,0.9775
1amn,1ea5,526,3.41119,,-0.385518,1.49762,0.921905,0.921905
1ank,1ake,214,0.453729,,0.826072,0.893664,0.938967,0.938967
1m8p,1i2d,572,5.51817,,-0.353606,-3.56713,0.936953,0.936953
1bnc,1dv2,433,17.1548,,0.001335,1.91277,0.923611,0.923611
1b47,2cbl,304,1.78198,,34.9569,23.4161,0.937294,0.937294
1hng,1hnf,175,8.53028,,0.852198,0.896729,0.913793,0.913793
1cll,1ctr,141,15.3002,,0.834194,0.892247,0.978571,0.978571
1crx,4crx,322,0.643913,,-0.0644495,-0.364321,0.962617,0.962617
1l5e,1l5b,101,6.51213,,0.842309,0.894368,0.97,0.97
1dap,3dap,320,4.17889,,-0.0572445,0.420918,0.949843,0.949843
1gu0,1gu1,149,0.976191,,0.794605,0.836011,0.97973,0.97973
1jej,1jg6,351,2.09863,,0.287196,-0.281028,0.962857,0.962857
1dkx,1dky,211,0.989429,,0.817861,0.877481,0.933333,0.933333
1ddt,1mdt,523,15.6307,,-0.971721,-1.18933,0.98659,0.98659
1dpe,1dpp,507,6.52845,,-0.666263,-0.426314,0.966403,0.966403
1n0u,1n0v,819,15.5555,,-1.36503,-0.932686,0.932763,0.932763
2efg,1fnm,582,20.9636,,-0.220381,1.567,0.984509,0.984509
1erk,2erk,351,10.5741,,0.237847,-0.152631,0.922857,0.922857
2nac,2nad,374,1.18027,,0.501783,-0.0482956,0.962466,0.962466
1d9v,1mrp,309,2.48133,,-2.32195,-0.883656,0.931818,0.931818
1e88,1e8b,160,3.45718,,0.824024,0.890205,0.955975,0.955975
1jbv,1jbw,403,11.6383,,1.51469,2.75953,0.88806,0.88806
1ggg,1wdn,220,6.34292,,-0.988551,-1.07279,0.931507,0.931507
1psd,1gdh,320,7.78886,,-0.0362078,0.263692,0.946708,0.946708
1ex6,1ex7,186,3.63999,,0.803181,0.86597,0.972973,0.972973
1oxu,1oxs,352,1.5081,,-0.0704357,-0.425359,0.991453,0.991453
1fto,1ftm,257,4.20434,,-9.99056,-6.25111,0.917969,0.917969
1hrd,1k89,449,2.14368,,-0.669523,0.903666,0.966518,0.966518
1aon,1oel,524,12.3783,,0.137764,0.728878,0.956023,0.956023
8ohm,1cu1,435,26.3337,,-0.228584,1.11627,0.958525,0.958525
1ibo,1ibn,20,2.57116,,0.832169,0.893625,0.894737,0.894737
1eq0,1hka,158,3.40673,,0.817186,0.88215,0.968153,0.968153
1aa7,1ea3,157,3.78807,,0.7959,0.848095,0.923077,0.923077
1ipd,1osj,345,1.70187,,-1.16908,-0.283663,0.962209,0.962209
1bcc,2bcc,442,0.272416,,0.547182,3.87487,0.920635,0.920635
2lao,1laf,238,4.68253,,1.60596,1.31523,0.940928,0.940928
1lfg,1lfh,691,6.42856,,5.68034,0.915392,0.992754,0.992754
1p7q,1g0x,183,16.4485,,0.847379,0.891494,0.917582,0.917582
1l97,1l96,162,2.38328,,0.799115,0.869691,0.993789,0.993789
1omp,3mbp,370,3.64864,,1.05968,-0.359157,0.95122,0.95122
1mml,1qai,251,1.60732,,3.36175,2.52377,0.972,0.972
1lua,1lu9,287,0.554807,,-0.652728,-0.98736,0.947552,0.947552
1ejd,1a2n,418,3.95732,,-1.11934,1.63839,0.952038,0.952038
1rkm,2rkm,517,3.08499,,0.689029,0.345134,0.965116,0.965116
1oib,1quk,321,2.95604,,-0.145513,0.416814,0.971875,0.971875
1php,13pk,394,18.5456,,0.616964,0.111628,0.918575,0.918575
1cmk,1jlu,337,17.5877,,140.179,-157.83,0.952381,0.952381
1bpd,2bpg,324,10.3346,,-0.103334,-0.590034,0.975232,0.975232
1k23,1k20,302,12.4412,,5.23309,3.9612,0.903654,0.903654
1nyl,1gtr,523,6.79281,,0.540102,-0.88004,0.890805,0.890805
1urp,2dri,271,4.06192,,0.0578592,0.482314,0.966667,0.966667
1jsa,1iku,188,11.4575,,0.786611,0.873371,0.957219,0.957219
1tde,1f6m,316,7.32882,,-0.355489,0.215312,0.977778,0.977778
1fgu,1jmc,238,10.2114,,1.53245,1.33037,0.924051,0.924051
1msw,1qln,862,19.5794,,0.00858395,0.193592,0.979094,0.979094
1bp5,1a8e,328,7.50724,,-0.43477,-1.21387,0.95107,0.95107
1ttp,1ttq,256,0.402184,,-inf,-inf,0.976471,0.976471
1akz,1ssp,223,1.50018,,-1.06656,-1.14016,0.963964,0.963964
1k93,1k8t,485,12.8137,,-1.99983,3.18491,0.940083,0.940083
1k92,1kp2,431,8.1918,,5.06157,8.45636,0.953488,0.953488
1hoo,1qf5,431,2.17151,,-14.1527,-0.775398,0.951163,0.951163
1cf4,1grn,184,5.51393,,0.81319,0.8822,0.967213,0.967213
1eft,1etu,177,15.6187,,0.792301,0.872575,0.971591,0.971591
1gdt,2rsl,115,9.04655,,0.824734,0.892288,0.947368,0.947368
1gpw,1thf,253,3.7967,,5.33661,5.10806,1,1
1g7t,1g7s,569,4.94242,,1.18065,-0.259007,0.940141,0.940141
1dfk,1b7t,728,28.8267,,-0.287185,-0.715469,0.943604,0.943604
1i7d,1d6m,603,11.1624,,0.357118,-1.67209,0.95515,0.95515
1mcp,1nca,214,14.2566,,0.874936,0.896669,0.887324,0.887324
1idi,1idg,74,6.22231,,0.791494,0.860602,0.917808,0.917808
1gp2,1cip,316,24.1502,,-0.599973,0.0183266,0.942857,0.942857
7ahl,1lkf,292,25.255,,-1.07002,-1.6089,0.934708,0.934708
3hvt,2hmi,555,4.88362,,-0.112654,4.93171,0.945848,0.945848
1klq,1duj,187,9.8415,,0.773502,0.846795,0.951613,0.951613
1psi,7api,339,12.6551,,-6.26781,-4.03678,0.905325,0.905325
5at1,8atc,310,2.34953,,-1.35815,-0.46547,0.951456,0.951456
1eer,1buy,166,4.0821,,0.787825,0.849734,0.939394,0.939394
1tip,1fbt,186,6.28048,,0.875114,0.898904,0.875676,0.875676
9gpb,1gpb,823,12.678,,0.39356,-1.20402,0.954988,0.954988
2hco,4hhb,141,0.725256,,0.780558,0.867563,0.878571,0.878571
1jmj,1jmo,397,26.7357,,2.30372,0.501253,0.939394,0.939394
2pfk,1pfk,301,0.63636,,4.96338,3.45804,0.96,0.96
1dkr,1dku,295,4.85195,,1.96167,1.72218,0.931973,0.931973
1g6o,1nlz,301,19.8394,,-5.60059,3.86491,0.926667,0.926667
1ii0,1ihu,540,10.9714,,-0.382056,0.438844,0.914657,0.914657
1bhm,1bam,198,16.9494,,0.852806,0.903881,0.923858,0.923858
1q1b,1q12,367,1.16136,,1.85933,-1.3868,0.969945,0.969945
1fu1,1ik9,174,5.11931,,0.868003,0.900918,0.924855,0.924855
1iwo,1su4,994,13.9708,,-1.0527,-0.100675,0.974824,0.974824
1pjr,3pjr,623,15.8819,,1.86715,-4.44265,0.940514,0.940514
1lwt,1vde,429,14.0319,,1.66388,0.196557,0.913551,0.913551
1ih7,1ig9,897,7.46702,,-1.36528,1.37279,0.960938,0.960938
1bjt,1bgw,679,18.5744,,-0.405712,-0.174402,0.970501,0.970501
